sku,image
VA11-GO-NA,/v/a/va11-sg_alt.jpg
VA11-GO-NA,/v/a/va12-ts_main.jpg
VA12-SI-NA,/v/a/va13-sg_main.jpg
VA13-GO-NA,/v/a/va13-sg_alt.jpg
VA13-GO-NA,/v/a/va14-ts_main.jpg
VA14-SI-NA,/v/a/va14-ts_alt.jpg
VA14-SI-NA,/v/a/va15-si_main.jpg
VA15-SI-NA,/v/a/va15-si_alt.jpg
VA15-SI-NA,/v/a/va16-go_main.jpg
VA16-GO-NA,/v/a/va16-go_alt.jpg
VA16-GO-NA,/v/a/va17-si_main.jpg
VA17-SI-NA,/v/a/va17-si_alt.jpg
VA17-SI-NA,/v/a/va18-go_main.jpg
VA18-GO-NA,/v/a/va18-go_alt.jpg
VA18-GO-NA,/v/a/va19-go_main.jpg
VA19-GO-NA,/v/a/va19-go_alt.jpg
VA19-GO-NA,/v/a/va20-gb_main.jpg
VA20-SI-NA,/v/a/va20-gb_main.jpg
VA21-GO-NA,/v/a/va21-gbt_main.jpg
VA21-GO-NA,/v/a/va21-gbt_alt.jpg
VA22-SI-NA,/v/a/va22-si_main.jpg
VA22-SI-NA,/v/a/va22-si_alt.jpg